all,drf_4,drf_10,drf_20,drf_50,drf_100
Anonymous_ANO_20220908_1400086_102404,Anonymous_ANO_20220908_1400086_102404,Anonymous_ANO_20220908_1401565_101224,Anonymous_ANO_20220908_1425413_114222,Anonymous_ANO_20220908_1427414_113157,Anonymous_ANO_20220908_1358182_110521
Anonymous_ANO_20220908_1356283_111607,Anonymous_ANO_20220908_1356283_111607,Anonymous_ANO_20220908_1415168_124044,Anonymous_ANO_20220908_1433408_104553,Anonymous_ANO_20220908_1417248_123032,Anonymous_ANO_20220908_1429441_112007
Anonymous_ANO_20220908_1352523_120705,Anonymous_ANO_20220908_1352523_120705,Anonymous_ANO_20220908_1431432_103453,Anonymous_ANO_20220908_1403477_100146,Anonymous_ANO_20220908_1423427_115527,Anonymous_ANO_20220908_1437396_110855
190722_01_20220720_145520,190722_01_20220720_145520,020822_3_20220802_171253,190722_03_20220720_145655,200722_02_20220720_145928,050822_1_20220804_164717
020822_2_20220802_171329,020822_2_20220802_171329,040822_2_20220804_164736,190722_04_20220720_145724,280722_4_20220728_164228,020822_1_20220802_171408
200722_01_20220720_145903,200722_01_20220720_145903,280722_1_20220728_164024,190722_02_20220720_145612,280722_3_20220728_164155,250722_01_20220725_151539
Anonymous_ANO_20220908_1425413_114222,,,,,
Anonymous_ANO_20220908_1433408_104553,,,,,
Anonymous_ANO_20220908_1403477_100146,,,,,
190722_03_20220720_145655,,,,,
190722_04_20220720_145724,,,,,
190722_02_20220720_145612,,,,,
Anonymous_ANO_20220908_1427414_113157,,,,,
Anonymous_ANO_20220908_1417248_123032,,,,,
Anonymous_ANO_20220908_1423427_115527,,,,,
200722_02_20220720_145928,,,,,
280722_4_20220728_164228,,,,,
280722_3_20220728_164155,,,,,
